0,1.2513436,9.333333
1,1.0135999,12
2,0.8358656,10.666667
3,0.7468047,9.166667
4,0.6932866,8.666667
5,0.65826434,7.8888884
6,0.6324042,8.190476
7,0.6126978,8.833333
8,0.5973,9.037037
9,0.5848847,9.333333
10,0.574745,9.454545
11,0.5654866,10.111112
12,0.5583952,10.769231
13,0.55178523,11.238095
14,0.54680717,11.422222
15,0.54195535,11.291666
16,0.53761476,11.725491
17,0.53355634,12
18,0.5299299,12.280702
19,0.5268453,12.6
20,0.5237831,12.793652
21,0.52074456,13.515152
22,0.51823336,13.826087
23,0.51572824,14.222222
24,0.5133426,14.8533325
25,0.51124245,14.615385
26,0.508683,15.308642
27,0.5067561,15.54762
28,0.5047631,15.793103
29,0.50288886,15.911111
30,0.5011631,16.430109
31,0.4997997,16.9375
32,0.49824336,17.19192
33,0.49683306,17.27451
34,0.49523857,17.847618
35,0.49432546,17.796295
36,0.4930271,17.891891
37,0.49186948,17.807016
38,0.49064082,18.017094
39,0.48932174,18.4
40,0.488001,18.764227
41,0.4867758,19.063492
42,0.48555195,19.271317
43,0.48421732,19.575758
44,0.48292187,19.807407
45,0.4814956,19.927536
46,0.48037803,20.12766
47,0.47899538,20.430555
48,0.4777608,20.680273
49,0.476637,20.946667
50,0.47513655,21.490196
51,0.4738243,21.730768
52,0.47268307,22.125786
53,0.47137594,22.407408
54,0.47032842,22.703032
55,0.4690902,22.880953
56,0.46829835,23.005848
57,0.4674669,23.08046
58,0.46700388,23.129944
59,0.46636242,23.311111
60,0.46520218,23.650274
61,0.46403715,23.849463
62,0.46327418,24.063492
63,0.46251133,24.229168
64,0.46113032,24.564102
65,0.46005577,24.757576
66,0.45911434,24.945274
67,0.45787257,25.401962
68,0.45686567,25.623188
69,0.4557448,25.809523
70,0.45501128,25.906103
71,0.45406562,26.055557
72,0.4528936,26.255709
73,0.45167816,26.45946
74,0.45051143,26.835554
75,0.4494583,27.210527
76,0.44827086,27.376621
77,0.44732362,27.529913
78,0.44635898,27.746836
79,0.4453192,28.066668
80,0.44443882,28.255144
81,0.44340807,28.512196
82,0.44253954,28.618473
83,0.4416064,28.873014
84,0.44078082,29.07451
85,0.43975696,29.217056
86,0.4387625,29.417625
87,0.43763927,29.689396
88,0.43643895,29.992508
89,0.4354152,30.303705
90,0.43420023,30.542124
91,0.43298587,30.833334
92,0.43183756,31.146952
93,0.43117046,31.32624
94,0.43031925,31.54386
95,0.42923728,31.743055
96,0.42823225,31.938145
97,0.4276987,32.013603
98,0.4268065,32.23569
99,0.42576683,32.473335
100,0.42456847,32.772274
101,0.42367005,33
102,0.4228344,33.184467
103,0.4220309,33.326923
104,0.4212036,33.460316
105,0.4203456,33.698112
106,0.41975084,33.806854
107,0.41886848,33.962963
108,0.41803145,34.171253
109,0.41677257,34.478786
110,0.41592994,34.684685
111,0.41522163,34.791668
112,0.4143901,34.97345
113,0.4133263,35.19298
114,0.41232753,35.46087
115,0.41146567,35.68391
116,0.4108813,35.823364
117,0.40988532,36.07345
118,0.40897763,36.308125
119,0.40797597,36.57222
120,0.4071548,36.78788
121,0.40626687,37.01093
122,0.4053554,37.246613
123,0.40443945,37.45699
124,0.4036606,37.61067
125,0.40288457,37.719578
126,0.40196362,37.93176
127,0.4010594,38.15625
128,0.40024462,38.335915
129,0.39955053,38.471794
130,0.3988356,38.64122
131,0.3979409,38.79798
132,0.39710146,38.997494
133,0.3962044,39.199005
134,0.39547738,39.362965
135,0.39466745,39.568626
136,0.39383155,39.742092
137,0.39300767,39.917873
138,0.39227125,40.091125
139,0.39142895,40.271427
140,0.39068785,40.43499
141,0.38991445,40.56338
142,0.3889881,40.731934
143,0.38828093,40.86111
144,0.38762936,40.95632
145,0.38671622,41.127853
146,0.38593036,41.301586
147,0.38507327,41.477478
148,0.38422197,41.673378
149,0.3833862,41.844444
150,0.38266557,41.991173
151,0.38204655,42.114033
152,0.38122642,42.283226
153,0.3804226,42.45022
154,0.37944654,42.63656
155,0.3788404,42.756413
156,0.37818795,42.87898
157,0.37751356,43.033756
158,0.37701306,43.119495
159,0.3764659,43.216667
160,0.37596318,43.31677
161,0.37511188,43.48148
162,0.37442073,43.619633
163,0.37376988,43.756096
164,0.37297514,43.89495
165,0.3724564,44.00803
166,0.372022,44.059883
167,0.3714345,44.1627
168,0.3706772,44.30769
169,0.37010834,44.42353
170,0.3695506,44.522415
171,0.368831,44.678295
172,0.3682337,44.77071
173,0.3674748,44.91954
174,0.36670178,45.059048
175,0.3661587,45.132576
176,0.36545885,45.273067
177,0.36471185,45.41573
178,0.36406463,45.527
179,0.36341986,45.662964
180,0.36280006,45.775322
181,0.3622542,45.875458
182,0.3616344,45.981785
183,0.36095163,46.101448
184,0.3602437,46.234234
185,0.35967976,46.3405
186,0.359121,46.427807
187,0.35850114,46.531914
188,0.35778332,46.659615
189,0.35720152,46.754387
190,0.35655117,46.87958
191,0.35584727,47.02778
192,0.35517618,47.15026
193,0.35458654,47.25086
194,0.35387665,47.37436
195,0.35322914,47.496597
196,0.35263833,47.600677
197,0.35208544,47.700336
198,0.35146,47.802345
199,0.3508683,47.9
200,0.35035774,47.99668
201,0.34961966,48.125412
202,0.3490847,48.206894
203,0.34844774,48.316994
204,0.34781206,48.41626
205,0.34713584,48.521034
206,0.34655294,48.624798
207,0.3460134,48.714745
208,0.34534377,48.842106
209,0.3447713,48.93651
210,0.3443466,49.0079
211,0.34369642,49.14151
212,0.3432114,49.21753
213,0.34265026,49.320873
214,0.34202725,49.43566
215,0.34145957,49.558643
216,0.3408754,49.67742
217,0.34032208,49.779816
218,0.33980343,49.878235
219,0.3390518,50.024242
220,0.33850884,50.12368
221,0.33806726,50.222225
222,0.3374751,50.352764
223,0.33676887,50.482143
224,0.33613122,50.59556
225,0.33551222,50.722713
226,0.33486322,50.87225
227,0.3342054,51.01462
228,0.333574,51.138283
229,0.33305997,51.246376
230,0.33247715,51.365078
231,0.331942,51.471264
232,0.3313108,51.590843
233,0.33076534,51.686607
234,0.33022404,51.80142
235,0.3296451,51.92655
236,0.32907867,52.03376
237,0.32844537,52.14846
238,0.32796553,52.256626
239,0.32737634,52.372223
240,0.32674605,52.48133
241,0.3261786,52.60055
242,0.32558268,52.705074
243,0.32496586,52.819668
244,0.32440898,52.938778
245,0.3238334,53.04878
246,0.32329682,53.155197
247,0.3228056,53.266132
248,0.3222444,53.37885
249,0.3216281,53.50133
250,0.32108936,53.596283
251,0.32053536,53.71164
252,0.3200057,53.81291
253,0.31951842,53.910763
254,0.31897333,54.015686
255,0.31844252,54.135418
256,0.31782296,54.264595
257,0.31726605,54.3876
258,0.31675395,54.5045
259,0.3161873,54.615383
260,0.31567973,54.704983
261,0.31510833,54.806614
262,0.31457108,54.920155
263,0.31398347,55.045456
264,0.31343654,55.149685
265,0.31295088,55.24311
266,0.3125031,55.330837
267,0.31199878,55.42786
268,0.31154498,55.511772
269,0.3110298,55.609875
270,0.31051537,55.72448
271,0.31000674,55.81863
272,0.30946416,55.914528
273,0.30887094,56.019466
274,0.3084072,56.11394
275,0.30784738,56.231888
276,0.30741072,56.320095
277,0.3069298,56.410072
278,0.30639946,56.51613
279,0.30589196,56.607143
280,0.3054147,56.69276
281,0.30489045,56.80615
282,0.30440137,56.89988
283,0.30383307,57.014084
284,0.30327657,57.11345
285,0.30276096,57.202797
286,0.3022958,57.27294
287,0.3017323,57.381947
288,0.30124947,57.47174
289,0.3007476,57.579308
290,0.30020207,57.68385
291,0.2997235,57.77397
292,0.29930237,57.861202
293,0.29891473,57.931973
294,0.29842597,58.029377
295,0.29791045,58.12162
296,0.2974158,58.202023
297,0.29701343,58.272926
298,0.2965468,58.358974
299,0.2959938,58.453335
300,0.29552898,58.547066
301,0.29503798,58.622517
302,0.29458654,58.71067
303,0.29409087,58.796055
304,0.29363587,58.88306
305,0.29314747,58.969498
306,0.2926713,59.05103
307,0.29220766,59.12554
308,0.2917576,59.210354
309,0.2912824,59.296776
310,0.29079205,59.38692
311,0.29036397,59.465813
312,0.2899109,59.550583
313,0.28949544,59.632694
314,0.2890872,59.720634
315,0.28866655,59.801685
316,0.28817403,59.892742
317,0.28776017,59.96436
318,0.2873146,60.041798
319,0.28692323,60.10208
320,0.28646088,60.19107
321,0.28609094,60.27122
322,0.285643,60.34262
323,0.2851803,60.41975
324,0.28476265,60.496407
325,0.28434575,60.57055
326,0.28392792,60.6422
327,0.2835176,60.71545
328,0.28305095,60.80243
329,0.28267136,60.85858
330,0.2822469,60.936558
331,0.28182155,61.00201
332,0.281365,61.08709
333,0.2809452,61.16367
334,0.28047633,61.25373
335,0.28011793,61.31151
336,0.27967048,61.39268
337,0.27919748,61.4714
338,0.27874503,61.545723
339,0.2782564,61.629414
340,0.2778667,61.69306
341,0.27738693,61.78752
342,0.27698815,61.862003
343,0.27655873,61.943798
344,0.27609527,62.023186
345,0.27571094,62.084778
346,0.27527425,62.165226
347,0.27484754,62.243294
348,0.27440804,62.326645
349,0.27396122,62.40381
350,0.27358282,62.46534
351,0.27317682,62.534096
352,0.27274668,62.610012
353,0.2723717,62.674202
354,0.27204806,62.73239
355,0.2717349,62.792133
356,0.27133715,62.864613
357,0.27097937,62.923653
358,0.27055126,62.997215
359,0.27014285,63.06852
360,0.2697642,63.13389
361,0.26935348,63.198895
362,0.2689712,63.258034
363,0.26857904,63.327835
364,0.26821983,63.386303
365,0.2678502,63.442623
366,0.26741242,63.514984
367,0.2670999,63.56522
368,0.26675862,63.626015
369,0.2663978,63.695496
370,0.26598817,63.762802
371,0.26561517,63.824375
372,0.2652719,63.885612
373,0.26488745,63.950092
374,0.26448292,64.019554
375,0.26411024,64.08156
376,0.26373357,64.14854
377,0.26340127,64.20988
378,0.26304856,64.26737
379,0.26268938,64.32807
380,0.26237094,64.3832
381,0.26202184,64.443275
382,0.26165274,64.49434
383,0.26138344,64.53298
384,0.2610586,64.59394
385,0.26073888,64.6494
386,0.2603681,64.70973
387,0.26001102,64.77319
388,0.25964874,64.82262
389,0.2593052,64.87692
390,0.2589813,64.94289
391,0.25868952,64.994896
392,0.25832707,65.05513
393,0.2580203,65.101524
394,0.25770697,65.15274
395,0.25737682,65.20707
396,0.25703216,65.26281
397,0.25671348,65.3149
398,0.25635815,65.3751
399,0.25607112,65.42333
400,0.13435163,84.66667
401,0.123188436,87.333336
402,0.12809171,86.88889
403,0.12559667,86.833336
404,0.12542081,86.799995
405,0.12647596,86.666664
406,0.1269627,86.47619
407,0.12667061,86.583336
408,0.12601328,86.74074
409,0.12777711,86.46667
410,0.12877782,86.242424
411,0.12627795,86.666664
412,0.12661293,86.71795
413,0.12471658,86.952385
414,0.12604648,86.844444
415,0.12525077,87.125
416,0.1253351,87.176476
417,0.1253045,87.07407
418,0.12462731,87.192986
419,0.12461615,87.1
420,0.12565663,86.85714
421,0.12573417,87.030304
422,0.124991715,87.15942
423,0.12430685,87.22222
424,0.12354168,87.30666
425,0.12366969,87.230774
426,0.12359707,87.259254
427,0.12351184,87.2619
428,0.12398878,87.126434
429,0.12371097,87.13334
430,0.123942465,87.139786
431,0.12301722,87.333336
432,0.122777924,87.35353
433,0.122518025,87.43137
434,0.12247949,87.50476
435,0.12294446,87.42593
436,0.1226948,87.45946
437,0.122832194,87.47369
438,0.12269289,87.470085
439,0.12222753,87.51666
440,0.1222298,87.51219
441,0.122223094,87.53969
442,0.12175536,87.51938
443,0.12150354,87.530304
444,0.121466674,87.54074
445,0.12154353,87.521736
446,0.12162988,87.51773
447,0.121079125,87.56944
448,0.1209687,87.59184
449,0.121330515,87.56
450,0.121434204,87.54249
451,0.12067672,87.65385
452,0.12058238,87.67296
453,0.12045344,87.69136
454,0.120140195,87.721214
455,0.120006174,87.72619
456,0.11967347,87.82456
457,0.1198387,87.793106
458,0.1195423,87.830505
459,0.119284265,87.85555
460,0.11924878,87.86885
461,0.11918262,87.89247
462,0.118826665,87.95767
463,0.118714854,87.958336
464,0.11881697,87.92821
465,0.1188732,87.89899
466,0.119217075,87.81094
467,0.11912973,87.823524
468,0.11900216,87.81642
469,0.118887715,87.82857
470,0.11862874,87.84977
471,0.11880424,87.80556
472,0.11877747,87.789955
473,0.11850923,87.81081
474,0.11843062,87.81334
475,0.11804503,87.86842
476,0.11788502,87.870125
477,0.117831804,87.871796
478,0.117841095,87.87342
479,0.117670245,87.9
480,0.11763015,87.860085
481,0.117318116,87.86992
482,0.11722225,87.90361
483,0.116994984,87.93651
484,0.11674356,87.984314
485,0.11671328,87.9845
486,0.11673533,87.96935
487,0.11641356,88.030304
488,0.1163473,88.03745
489,0.11615351,88.118515
490,0.116215095,88.07326
491,0.11647757,88.03623
492,0.11642649,88.03584
493,0.11639628,88.05674
494,0.11628456,88.09123
495,0.1163031,88.083336
496,0.11620274,88.0756
497,0.116283365,88.04082
498,0.116113424,88.06734
499,0.11623476,88.05334
500,0.11590701,88.10561
501,0.115864925,88.09804
502,0.11578711,88.11003
503,0.115536295,88.14102
504,0.11537614,88.171425
505,0.115063384,88.20126
506,0.1148744,88.23053
507,0.114756726,88.25309
508,0.11497406,88.220184
509,0.114855304,88.242424
510,0.11457974,88.276276
511,0.11449512,88.297615
512,0.114510335,88.29498
513,0.11462104,88.26316
514,0.11427056,88.295654
515,0.114293434,88.304596
516,0.11426757,88.296295
517,0.11413914,88.31638
518,0.11397228,88.341736
519,0.11388947,88.36667
520,0.113751456,88.38568
521,0.11373127,88.37159
522,0.11366705,88.373985
523,0.11352353,88.39785
524,0.11359263,88.4
525,0.11351187,88.428566
526,0.11363648,88.37795
527,0.11352337,88.385414
528,0.11330547,88.4031
529,0.11331982,88.4
530,0.113219015,88.41222
531,0.11311913,88.40909
532,0.113012195,88.43609
533,0.11282785,88.44776
534,0.11262073,88.47901
535,0.11271201,88.460785
536,0.112553366,88.48662
537,0.11253396,88.483086
538,0.1125957,88.479614
539,0.112680666,88.45238
540,0.112671465,88.44917
541,0.11243361,88.478874
542,0.11231696,88.48019
543,0.1122177,88.50926
544,0.112029016,88.54253
545,0.11197876,88.54338
546,0.11188089,88.55782
547,0.11187529,88.554054
548,0.1118116,88.57271
549,0.11180545,88.57333
550,0.11164741,88.59161
551,0.11166769,88.58772
552,0.111518845,88.596954
553,0.11155079,88.580086
554,0.11152279,88.572044
555,0.11145364,88.5812
556,0.11143939,88.57325
557,0.111265115,88.59494
558,0.11120837,88.59958
559,0.111196846,88.5875
560,0.11121444,88.55486
561,0.11126825,88.547325
562,0.11126133,88.52761
563,0.111269906,88.520325
564,0.11119957,88.54141
565,0.1111391,88.54217
566,0.11096205,88.554886
567,0.11091039,88.55159
568,0.110835366,88.5641
569,0.11085341,88.54902
570,0.11077347,88.553604
571,0.11075382,88.55426
572,0.11072915,88.55106
573,0.11070811,88.56322
574,0.11052386,88.5981
575,0.11045125,88.61363
576,0.11047253,88.60264
577,0.11059247,88.57678
578,0.11055387,88.573555
579,0.1104854,88.58148
580,0.110407434,88.593
581,0.11044265,88.589745
582,0.110300325,88.608376
583,0.11026855,88.615944
584,0.11023534,88.61261
585,0.11027685,88.594986
586,0.11032248,88.58467
587,0.110224485,88.5922
588,0.11022364,88.57848
589,0.11011425,88.5965
590,0.11000362,88.6178
591,0.1098596,88.635414
592,0.109913945,88.62176
593,0.10979325,88.621994
594,0.10979147,88.61197
595,0.109780215,88.59864
596,0.109828375,88.59222
597,0.10974529,88.60606
598,0.10972079,88.60636
599,0.10987158,88.57667
600,0.109705895,88.58707
601,0.10953518,88.60726
602,0.10947198,88.62726
603,0.10941899,88.62418
604,0.10946048,88.62114
605,0.10945618,88.61488
606,0.10951373,88.59581
607,0.10946949,88.59295
608,0.10939765,88.60606
609,0.10924621,88.6254
610,0.10913886,88.63823
611,0.109158404,88.625786
612,0.10920753,88.61346
613,0.1092728,88.58878
614,0.109282486,88.59225
615,0.10920525,88.60185
616,0.1091131,88.605225
617,0.109128706,88.59022
618,0.109145746,88.58752
619,0.10917145,88.57879
620,0.1091711,88.56712
621,0.10907091,88.58258
622,0.10905319,88.582954
623,0.10899165,88.577385
624,0.10895317,88.58074
625,0.10898653,88.57227
626,0.10893021,88.5815
627,0.10885527,88.58772
628,0.10882715,88.588066
629,0.10880379,88.5884
630,0.10880983,88.580086
631,0.108784296,88.57758
632,0.10873241,88.577965
633,0.108714044,88.5641
634,0.10864312,88.56454
635,0.10856989,88.56215
636,0.10850046,88.55978
637,0.10843496,88.57143
638,0.10839064,88.57741
639,0.108326405,88.58889
640,0.108375765,88.58921
641,0.10831257,88.5978
642,0.10824577,88.598076
643,0.10815605,88.60929
644,0.10813789,88.60408
645,0.10806039,88.61788
646,0.107943244,88.62888
647,0.10798637,88.62366
648,0.10788759,88.64257
649,0.1079031,88.64
650,0.10788718,88.63213
651,0.10775517,88.6455
652,0.10770117,88.65613
653,0.10766801,88.656166
654,0.107577756,88.666664
655,0.10753657,88.67448
656,0.107433885,88.692604
657,0.10744354,88.689926
658,0.1075044,88.67439
659,0.10741892,88.684616
660,0.10745126,88.67433
661,0.10744322,88.66921
662,0.10741697,88.6692
663,0.10727117,88.69192
664,0.10731475,88.68176
665,0.10724279,88.69423
666,0.1072468,88.691635
667,0.10717243,88.70149
668,0.10716066,88.69641
669,0.10719195,88.67901
670,0.10723069,88.671585
671,0.10713538,88.68873
672,0.10698333,88.710625
673,0.10693056,88.71776
674,0.10694994,88.70788
675,0.106839485,88.71739
676,0.10672116,88.72443
677,0.10679399,88.70024
678,0.106711455,88.71207
679,0.10661898,88.71905
680,0.10650465,88.73784
681,0.10655562,88.732864
682,0.10648781,88.74441
683,0.10641389,88.751175
684,0.1063329,88.7579
685,0.10636157,88.75058
686,0.10624043,88.76423
687,0.106177844,88.77083
688,0.106120095,88.775085
689,0.106155366,88.76092
690,0.10600653,88.78121
691,0.106047824,88.76941
692,0.10600257,88.77815
693,0.10590537,88.793655
694,0.10582002,88.797745
695,0.10579276,88.799545
696,0.10578413,88.79686
697,0.10573393,88.79866
698,0.10567911,88.800446
699,0.10567004,88.80444
700,0.105586,88.817276
701,0.105577774,88.818985
702,0.105492264,88.827286
703,0.10546092,88.82895
704,0.10535331,88.84371
705,0.105294935,88.84968
706,0.10523028,88.85559
707,0.10514863,88.867966
708,0.10505872,88.875946
709,0.105023995,88.87527
710,0.10500891,88.87031
711,0.104900464,88.88675
712,0.10482124,88.8967
713,0.104767844,88.900215
714,0.104698785,88.9037
715,0.10473989,88.898735
716,0.104707494,88.908516
717,0.104621075,88.918236
718,0.104662254,88.91327
719,0.104628764,88.916664
720,0.104593694,88.91381
721,0.104500905,88.92339
722,0.10442588,88.928795
723,0.10442846,88.917694
724,0.10440205,88.91692
725,0.10431566,88.92843
726,0.10434016,88.91335
727,0.104353584,88.9065
728,0.104304135,88.90983
729,0.10419701,88.917175
730,0.10418363,88.92246
731,0.104101844,88.92972
732,0.104046166,88.93293
733,0.104055785,88.93613
734,0.104035154,88.933334
735,0.1040008,88.93849
736,0.10393645,88.94362
737,0.103865236,88.94872
738,0.1037687,88.95576
739,0.10374615,88.95686
740,0.103740625,88.95014
741,0.10374296,88.947365
742,0.10366041,88.95627
743,0.103569224,88.96706
744,0.10354098,88.97198
745,0.10346685,88.976875
746,0.10344012,88.98175
747,0.103359014,88.99042
748,0.103308894,88.99714
749,0.103232354,89.00381
750,0.10316,89.010445
751,0.10322989,88.994316
752,0.103186205,89.00284
753,0.10318031,89.005646
754,0.10314326,89.01033
755,0.103141315,89.00562
756,0.10309233,89.0084
757,0.10312284,89.00372
758,0.10300469,89.02322
759,0.102967694,89.02407
760,0.10296901,89.01939
761,0.10296642,89.01842
762,0.102901846,89.02296
763,0.10286367,89.02381
764,0.10284788,89.022835
765,0.102841415,89.01821
766,0.10285001,89.01544
767,0.10280924,89.01268
768,0.10275446,89.018974
769,0.10271675,89.01981
770,0.102713294,89.02246
771,0.102654465,89.0233
772,0.10262943,89.02592
773,0.10256131,89.03387
774,0.10250954,89.036446
775,0.10246906,89.03901
776,0.10239718,89.04863
777,0.102428585,89.03703
778,0.10246037,89.030785
779,0.10244916,89.02982
780,0.102461554,89.027115
781,0.10236939,89.040146
782,0.10236439,89.03394
783,0.10231256,89.03646
784,0.10226136,89.03723
785,0.10220071,89.04491
786,0.10217281,89.049095
787,0.10213925,89.051544
788,0.10218036,89.040276
789,0.102197155,89.03761
790,0.10215807,89.04178
791,0.10207712,89.05612
792,0.102063365,89.06023
793,0.1019986,89.07107
794,0.10188169,89.08355
795,0.101841405,89.084175
796,0.10177163,89.08984
797,0.10172748,89.0938
798,0.10174536,89.08437
799,0.101744995,89.081665
800,0.09438349,89.33333
801,0.09281901,90.33333
802,0.0913137,90
803,0.090699755,90.66667
804,0.08985899,90
805,0.09070289,90
806,0.08948571,90.190475
807,0.089027755,90.33333
808,0.08598413,90.74074
809,0.086595826,90.33333
810,0.087734945,90.12121
811,0.08857757,89.94444
812,0.08683512,90.25641
813,0.085786834,90.38095
814,0.08563675,90.35556
815,0.08590504,90.291664
816,0.085708745,90.39215
817,0.085765846,90.48148
818,0.08536543,90.52632
819,0.0849339,90.66667
820,0.08567466,90.63492
821,0.08590053,90.48485
822,0.08590916,90.434784
823,0.08634622,90.361115
824,0.08668677,90.293335
825,0.086729065,90.30769
826,0.086431615,90.37037
827,0.08627011,90.38095
828,0.08701073,90.25288
829,0.08707768,90.33333
830,0.08743879,90.30107
831,0.087351605,90.33333
832,0.08688153,90.34344
833,0.08696988,90.35294
834,0.08696241,90.36191
835,0.08701848,90.37037
836,0.08742867,90.288284
837,0.08726206,90.29825
838,0.08697483,90.34188
839,0.08683186,90.36667
840,0.087467805,90.27642
841,0.08755629,90.26984
842,0.088117324,90.18605
843,0.08812479,90.181816
844,0.0879757,90.19259
845,0.08827079,90.14493
846,0.0877989,90.241135
847,0.0878574,90.208336
848,0.087434895,90.2585
849,0.08761059,90.253334
850,0.08767971,90.22222
851,0.08722671,90.28205
852,0.087069884,90.30189
853,0.087598294,90.24692
854,0.0872962,90.303024
855,0.08723604,90.29762
856,0.08688861,90.36257
857,0.08695335,90.344826
858,0.086850606,90.35028
859,0.08682494,90.33333
860,0.08692219,90.306015
861,0.08699856,90.31183
862,0.0870588,90.28571
863,0.08706952,90.322914
864,0.08698092,90.31795
865,0.08696647,90.33333
866,0.086933956,90.32836
867,0.08697288,90.29411
868,0.08690308,90.28019
869,0.08691781,90.276184
870,0.08693836,90.30986
871,0.087096006,90.31482
872,0.08713186,90.328766
873,0.086878814,90.3964
874,0.08663808,90.42667
875,0.086176,90.49123
876,0.08595816,90.50217
877,0.08629637,90.4359
878,0.08631386,90.43038
879,0.08644632,90.39166
880,0.08639343,90.38683
881,0.08623714,90.43902
882,0.08629058,90.4257
883,0.08618745,90.46032
884,0.08621926,90.462746
885,0.085917145,90.48837
886,0.08567293,90.55172
887,0.085476026,90.58333
888,0.085566424,90.584274
889,0.08543357,90.60741
890,0.085168645,90.62271
891,0.085415296,90.57971
892,0.08540103,90.56631
893,0.08521718,90.58865
894,0.085051775,90.59649
895,0.08527166,90.56944
896,0.08521839,90.577324
897,0.08511292,90.605446
898,0.08508261,90.639725
899,0.08500241,90.64667
900,0.084967166,90.660065
901,0.08498635,90.64706
902,0.08493692,90.653725
903,0.08492297,90.66667
904,0.08498148,90.64762
905,0.08504263,90.64151
906,0.084825836,90.66667
907,0.08484584,90.66667
908,0.08485264,90.648315
909,0.08456414,90.67272
910,0.08461166,90.66667
911,0.084747426,90.64881
912,0.084826745,90.61947
913,0.08473925,90.63743
914,0.08475967,90.63768
915,0.08470058,90.66092
916,0.08475925,90.65527
917,0.08479977,90.64972
918,0.0847424,90.649864
919,0.08459922,90.66111
920,0.08466047,90.65014
921,0.084614,90.65027
922,0.084682785,90.63415
923,0.08455274,90.655914
924,0.084628046,90.62933
925,0.08455793,90.64021
926,0.08440481,90.661415
927,0.08464435,90.63021
928,0.084643975,90.65116
929,0.08457442,90.65128
930,0.084580734,90.64631
931,0.08461246,90.63637
932,0.084852986,90.59148
933,0.084799364,90.597015
934,0.08475123,90.61234
935,0.084758736,90.61275
936,0.08482519,90.60828
937,0.08461036,90.64251
938,0.08455731,90.647484
939,0.084456794,90.671425
940,0.084438555,90.676125
941,0.084369816,90.69014
942,0.084420286,90.68066
943,0.084495485,90.671295
944,0.084503464,90.66667
945,0.08453026,90.662094
946,0.0844983,90.675735
947,0.08452265,90.65765
948,0.08450998,90.67561
949,0.08454639,90.67111
950,0.084518425,90.66667
951,0.08454291,90.662285
952,0.084487945,90.66231
953,0.08444057,90.66234
954,0.08459936,90.62796
955,0.08464237,90.60256
956,0.08448279,90.6242
957,0.08447218,90.63291
958,0.08426634,90.65408
959,0.084456146,90.6125
960,0.08439805,90.61283
961,0.08418871,90.63786
962,0.08417275,90.63804
963,0.08424707,90.638214
964,0.08421198,90.642426
965,0.084218904,90.63856
966,0.084248535,90.63872
967,0.08411713,90.65476
968,0.08407478,90.65483
969,0.08403,90.65491
970,0.08401795,90.65887
971,0.08397512,90.66667
972,0.083966754,90.65896
973,0.08395944,90.662834
974,0.083979346,90.674286
975,0.08398295,90.66667
976,0.0840121,90.6516
977,0.08399561,90.64794
978,0.083938584,90.66294
979,0.08387433,90.66667
980,0.08384333,90.6593
981,0.083827026,90.663
982,0.08386387,90.64845
983,0.0839183,90.63406
984,0.08386489,90.64504
985,0.083891906,90.645164
986,0.083847605,90.65954
987,0.083767965,90.67376
988,0.08378637,90.659615
989,0.083892636,90.645615
990,0.08397074,90.62129
991,0.083948605,90.62847
992,0.08391134,90.63558
993,0.08390516,90.64605
994,0.083957314,90.63932
995,0.08395971,90.63265
996,0.08395592,90.62944
997,0.083961874,90.622894
998,0.083890855,90.626465
999,0.08384919,90.63333
1000,0.08385615,90.62687
1001,0.08383468,90.623764
1002,0.08383226,90.62726
1003,0.083856724,90.62092
1004,0.08379756,90.640656
1005,0.08384457,90.62783
1006,0.0839167,90.615135
1007,0.08391944,90.61859
1008,0.083870515,90.60925
1009,0.08393971,90.5873
1010,0.08391791,90.590836
1011,0.08392687,90.58805
1012,0.0838866,90.59468
1013,0.08390521,90.58567
1014,0.08387326,90.59845
1015,0.08384003,90.6142
1016,0.0836801,90.63594
1017,0.08367053,90.633026
1018,0.083639815,90.630135
1019,0.08361264,90.63333
1020,0.08366361,90.621414
1021,0.08357669,90.63964
1022,0.0835721,90.64275
1023,0.08350371,90.64881
1024,0.08349396,90.64593
1025,0.08344671,90.65192
1026,0.08338785,90.66079
1027,0.08332373,90.672516
1028,0.08325773,90.684135
1029,0.08319872,90.69565
1030,0.08326404,90.67532
1031,0.08321144,90.68391
1032,0.08314012,90.69242
1033,0.083176315,90.68661
1034,0.083193146,90.67801
1035,0.08320013,90.67796
1036,0.08319179,90.68354
1037,0.083230704,90.68347
1038,0.083238274,90.67503
1039,0.08321363,90.672226
1040,0.08313119,90.68603
1041,0.0831029,90.69973
1042,0.08301054,90.71056
1043,0.08298095,90.71038
1044,0.083047286,90.70204
1045,0.08305555,90.704605
1046,0.083108366,90.69905
1047,0.08302046,90.71237
1048,0.08303001,90.71754
1049,0.08301555,90.72267
1050,0.08297436,90.7251
1051,0.08292924,90.73545
1052,0.08290003,90.732544
1053,0.082993686,90.71654
1054,0.08287664,90.72418
1055,0.082920834,90.71094
1056,0.082962535,90.70298
1057,0.082959354,90.69509
1058,0.08291057,90.697556
1059,0.08283863,90.715385
1060,0.08281411,90.71775
1061,0.08281936,90.71501
1062,0.08281056,90.71483
1063,0.08278165,90.719696
1064,0.082753785,90.7195
1065,0.082616575,90.73935
1066,0.0825335,90.75156
1067,0.08255905,90.75124
1068,0.08251234,90.7534
1069,0.08250332,90.758026
1070,0.082432084,90.77245
1071,0.0823901,90.78186
1072,0.08233897,90.7961
1073,0.082353145,90.795616
1074,0.08233655,90.80242
1075,0.082364194,90.79227
1076,0.08225741,90.80385
1077,0.08223243,90.81055
1078,0.08234643,90.79809
1079,0.08231357,90.807144
1080,0.082253195,90.811386
1081,0.08229541,90.80379
1082,0.08235935,90.78681
1083,0.08233843,90.79578
1084,0.082328975,90.79064
1085,0.08231668,90.79254
1086,0.08230464,90.7921
1087,0.08221474,90.80093
1088,0.08219677,90.80738
1089,0.082259685,90.7977
1090,0.08231946,90.79038
1091,0.08229959,90.789955
1092,0.082338035,90.78043
1093,0.08236378,90.77324
1094,0.082350135,90.77062
1095,0.082308725,90.77928
1096,0.08227433,90.78114
1097,0.08235608,90.767334
1098,0.08243684,90.760315
1099,0.08235691,90.77333
1100,0.08236545,90.77076
1101,0.08238392,90.76601
1102,0.0824411,90.756874
1103,0.082420774,90.75658
1104,0.08245142,90.749725
1105,0.08235527,90.76035
1106,0.08237673,90.74702
1107,0.08234412,90.75324
1108,0.08232667,90.75944
1109,0.08234744,90.75269
1110,0.08227704,90.76742
1111,0.08221307,90.773506
1112,0.082190424,90.771034
1113,0.08220525,90.76433
1114,0.08218441,90.76402
1115,0.082187966,90.76371
1116,0.082156196,90.769714
1117,0.08218081,90.767296
1118,0.08225082,90.75653
1119,0.08226778,90.754166
1120,0.08223408,90.75805
1121,0.082220174,90.76191
1122,0.08225538,90.75335
1123,0.082204446,90.75926
1124,0.08215273,90.75897
1125,0.08214093,90.75869
1126,0.08212275,90.76249
1127,0.08209094,90.768295
1128,0.08208382,90.76393
1129,0.08205198,90.76363
1130,0.08198583,90.77543
1131,0.081949286,90.777115
1132,0.08192586,90.77878
1133,0.08194091,90.77445
1134,0.081842154,90.78806
1135,0.08186267,90.781746
1136,0.08186698,90.775475
1137,0.08177331,90.78698
1138,0.0817778,90.78663
1139,0.081757806,90.78627
1140,0.081822045,90.77811
1141,0.08179571,90.77778
1142,0.08178083,90.77746
1143,0.08178279,90.77713
1144,0.08178285,90.77101
1145,0.08178708,90.772644
1146,0.08173672,90.78002
1147,0.08169747,90.78352
1148,0.08169705,90.77555
1149,0.08174109,90.76572
1150,0.08168051,90.773026
1151,0.08168057,90.77841
1152,0.08164037,90.78376
1153,0.08166245,90.77966
1154,0.08165291,90.77559
1155,0.08164344,90.77341
1156,0.08169558,90.77124
1157,0.081650525,90.776535
1158,0.081607975,90.78365
1159,0.08157847,90.78519
1160,0.081541665,90.79409
1161,0.08158467,90.788216
1162,0.08162569,90.7842
1163,0.08161381,90.78571
1164,0.08161196,90.78539
1165,0.08159556,90.788704
1166,0.081556596,90.79382
1167,0.08150007,90.80073
1168,0.081513315,90.79675
1169,0.08147666,90.8
1170,0.08142269,90.808624
1171,0.08140622,90.810036
1172,0.08139427,90.80965
1173,0.08147263,90.79501
1174,0.081421666,90.798225
1175,0.0813878,90.799644
1176,0.08134143,90.806366
1177,0.08126663,90.81658
1178,0.081270106,90.81794
1179,0.08126845,90.82281
1180,0.08132847,90.81365
1181,0.08135051,90.80628
1182,0.081354484,90.80244
1183,0.08137558,90.79861
1184,0.08138916,90.8
1185,0.08139041,90.7962
1186,0.0813508,90.80448
1187,0.08137405,90.798965
1188,0.08136139,90.802055
1189,0.081391595,90.79829
1190,0.08137565,90.80307
1191,0.08138905,90.80102
1192,0.08137617,90.80407
1193,0.08135116,90.80542
1194,0.08132678,90.81013
1195,0.08131121,90.80471
1196,0.08127222,90.80437
1197,0.081217684,90.81239
1198,0.08121105,90.81537
1199,0.08123865,90.81
1200,0.07428853,88.666664
1201,0.06884344,90.66667
1202,0.070886865,90.888885
1203,0.07344763,90.66667
1204,0.076614596,90.13333
1205,0.07647988,90
1206,0.07234668,90.85714
1207,0.07265847,90.91667
1208,0.07239199,91.18518
1209,0.07428513,90.8
1210,0.07355151,91.030304
1211,0.073246635,91.22222
1212,0.07270133,91.38461
1213,0.072999835,91.28571
1214,0.07400335,91.066666
1215,0.07400641,91.125
1216,0.07325442,91.21569
1217,0.07304432,91.25926
1218,0.07360612,91.228065
1219,0.07353634,91.36667
1220,0.072930366,91.492065
1221,0.073134586,91.48485
1222,0.074369214,91.27537
1223,0.073724955,91.361115
1224,0.074852385,91.22667
1225,0.074671574,91.23077
1226,0.074651696,91.25926
1227,0.07472161,91.21429
1228,0.074479915,91.333336
1229,0.0738425,91.46667
1230,0.074180864,91.48387
1231,0.0739809,91.520836
1232,0.073712,91.59596
1233,0.07397382,91.588234
1234,0.07392346,91.58095
1235,0.07430396,91.5
1236,0.074252754,91.51351
1237,0.07400344,91.5614
1238,0.07390044,91.589745
1239,0.073922604,91.61667
1240,0.07395404,91.57724
1241,0.07401188,91.587296
1242,0.07414476,91.612404
1243,0.074692264,91.545456
1244,0.07471504,91.511116
1245,0.07439741,91.55073
1246,0.07481322,91.475174
1247,0.07504437,91.388885
1248,0.07488015,91.41496
1249,0.07476289,91.45333
1250,0.0749162,91.424835
1251,0.07445298,91.525635
1252,0.07422747,91.57233
1253,0.074197814,91.604935
1254,0.074018285,91.61212
1255,0.07398965,91.63095
1256,0.073917195,91.62573
1257,0.07424256,91.58621
1258,0.0739333,91.63841
1259,0.0739048,91.62222
1260,0.07362541,91.67213
1261,0.073502116,91.66667
1262,0.07314747,91.703705
1263,0.07299679,91.71875
1264,0.0731657,91.67179
1265,0.07293977,91.72727
1266,0.072856374,91.75124
1267,0.07279882,91.78432
1268,0.072762206,91.797104
1269,0.0726147,91.819046
1270,0.0723259,91.84977
1271,0.07235832,91.833336
1272,0.07246009,91.79909
1273,0.07243529,91.8018
1274,0.07261778,91.77778
1275,0.07252941,91.79825
1276,0.072420746,91.809525
1277,0.072446056,91.77778
1278,0.07231693,91.80591
1279,0.07239888,91.78333
1280,0.07247346,91.76955
1281,0.07258441,91.76423
1282,0.07258344,91.76707
1283,0.07248068,91.79365
1284,0.07262945,91.78823
1285,0.07257274,91.7907
1286,0.07261149,91.785446
1287,0.07282614,91.780304
1288,0.07299636,91.745316
1289,0.07310281,91.703705
1290,0.0729462,91.71429
1291,0.07295369,91.710144
1292,0.073000565,91.70609
1293,0.0731798,91.69504
1294,0.0731529,91.71228
1295,0.07317425,91.708336
1296,0.07310237,91.72509
1297,0.07318023,91.69388
1298,0.073005594,91.73737
1299,0.07276558,91.753334
1300,0.07266757,91.762375
1301,0.072575495,91.77124
1302,0.07246643,91.77994
1303,0.07237343,91.82051
1304,0.07234105,91.80318
1305,0.07232593,91.79245
1306,0.07237036,91.7757
1307,0.07254047,91.74692
1308,0.07251367,91.74923
1309,0.07266267,91.72727
1310,0.07255125,91.75976
1311,0.07253876,91.75595
1312,0.0726286,91.75221
1313,0.072911456,91.72514
1314,0.07288458,91.710144
1315,0.0730857,91.68391
1316,0.07325023,91.65812
1317,0.07321026,91.66667
1318,0.07309985,91.67507
1319,0.07319438,91.649994
1320,0.07314026,91.64738
1321,0.07316007,91.65574
1322,0.07306499,91.663956
1323,0.07300809,91.6828
1324,0.07319157,91.65866
1325,0.073253125,91.65608
1326,0.073267676,91.64829
1327,0.073389076,91.640625
1328,0.07345729,91.63307
1329,0.073583946,91.605125
1330,0.07371388,91.582695
1331,0.07383544,91.55051
1332,0.073639795,91.58396
1333,0.0735642,91.606964
1334,0.07360774,91.604935
1335,0.07366188,91.588234
1336,0.07373547,91.581505
1337,0.07376629,91.574875
1338,0.07378998,91.57314
1339,0.07385455,91.561905
1340,0.07387137,91.55556
1341,0.073700696,91.58685
1342,0.07373705,91.58042
1343,0.073674485,91.57407
1344,0.07389248,91.54023
1345,0.07384078,91.54337
1346,0.07369142,91.55102
1347,0.07358379,91.57207
1348,0.07339512,91.61073
1349,0.073305905,91.617775
1350,0.07334489,91.60706
1351,0.07344826,91.583336
1352,0.07341602,91.59913
1353,0.07333092,91.60173
1354,0.073432595,91.56989
1355,0.07333059,91.59829
1356,0.07351695,91.56688
1357,0.073424436,91.578064
1358,0.07345645,91.57652
1359,0.07361563,91.558334
1360,0.07364395,91.56108
1361,0.07359725,91.56378
1362,0.07345054,91.586914
1363,0.07347188,91.58131
1364,0.07343943,91.6
1365,0.07344359,91.59036
1366,0.0734981,91.58483
1367,0.07351529,91.583336
1368,0.07352373,91.57791
1369,0.0735536,91.57647
1370,0.07349083,91.58675
1371,0.07340405,91.59302
1372,0.0732635,91.61465
1373,0.073267475,91.60153
1374,0.0733816,91.592384
1375,0.07333171,91.60985
1376,0.07315714,91.63089
1377,0.0732226,91.62172
1378,0.07351687,91.57169
1379,0.0735184,91.55926
1380,0.073644176,91.53223
1381,0.07364149,91.52747
1382,0.07364807,91.5337
1383,0.073654704,91.52899
1384,0.07377141,91.52433
1385,0.073725514,91.526886
1386,0.07374427,91.522285
1387,0.07374586,91.52482
1388,0.07369881,91.53087
1389,0.073793694,91.519295
1390,0.0737051,91.53927
1391,0.07379702,91.520836
1392,0.07392948,91.48877
1393,0.0739418,91.4811
1394,0.07385358,91.49059
1395,0.07396427,91.462585
1396,0.073980674,91.46193
1397,0.07400024,91.46127
1398,0.07389956,91.47739
1399,0.07384541,91.479996
1400,0.07375482,91.48258
1401,0.07386513,91.46535
1402,0.07378705,91.47784
1403,0.07370023,91.48693
1404,0.07361329,91.50244
1405,0.07362809,91.50162
1406,0.07367761,91.49436
1407,0.07364908,91.496796
1408,0.07357867,91.50877
1409,0.07359095,91.50476
1410,0.07358537,91.50711
1411,0.07357571,91.50943
1412,0.073425196,91.53052
1413,0.07343825,91.52337
1414,0.07340531,91.52558
1415,0.07351778,91.50617
1416,0.07352347,91.49924
1417,0.073440254,91.501526
1418,0.073340915,91.51903
1419,0.07333719,91.52121
1420,0.07335667,91.51433
1421,0.07338403,91.5045
1422,0.07337919,91.50374
1423,0.073299505,91.5119
1424,0.07326761,91.51704
1425,0.07320715,91.52507
1426,0.073155366,91.530106
1427,0.073166065,91.54094
1428,0.07308224,91.54877
1429,0.07311419,91.54203
1430,0.07305857,91.54978
1431,0.07301885,91.55173
1432,0.073003806,91.55651
1433,0.07307774,91.53276
1434,0.073111385,91.5234
1435,0.07305215,91.5339
1436,0.07315208,91.510544
1437,0.07315546,91.5014
1438,0.07314237,91.511856
1439,0.073091835,91.51667
1440,0.07303945,91.5325
1441,0.07295291,91.545456
1442,0.07289132,91.55281
1443,0.07286397,91.55465
1444,0.0729168,91.55374
1445,0.07300573,91.53659
1446,0.0729901,91.54386
1447,0.07306691,91.52151
1448,0.07306538,91.518074
1449,0.073089264,91.50934
1450,0.07302448,91.52722
1451,0.07308788,91.518524
1452,0.073123604,91.50988
1453,0.073052496,91.51706
1454,0.07304015,91.51896
1455,0.073060475,91.52605
1456,0.073014535,91.53567
1457,0.07297008,91.547806
1458,0.07295209,91.54955
1459,0.072909676,91.56154
1460,0.07284062,91.570885
1461,0.072790705,91.57252
1462,0.07279916,91.564
1463,0.07282808,91.55303
1464,0.07282089,91.54968
1465,0.072775945,91.55639
1466,0.07274643,91.56055
1467,0.07283696,91.54478
1468,0.07285897,91.53903
1469,0.072893225,91.53333
1470,0.07280042,91.547356
1471,0.07279152,91.54657
1472,0.07280777,91.54335
1473,0.07280645,91.540146
1474,0.072832935,91.53212
1475,0.072772704,91.53381
1476,0.07270814,91.54753
1477,0.07269677,91.55156
1478,0.07265163,91.55316
1479,0.07270317,91.54762
1480,0.07263764,91.56346
1481,0.07274582,91.541374
1482,0.07270351,91.54299
1483,0.072725065,91.53756
1484,0.07274409,91.53684
1485,0.072776295,91.52914
1486,0.07279787,91.52381
1487,0.072767,91.52547
1488,0.07278877,91.52019
1489,0.07275312,91.526436
1490,0.072696306,91.537224
1491,0.0727217,91.53881
1492,0.0727382,91.535835
1493,0.072744265,91.53062
1494,0.072700016,91.53899
1495,0.072779186,91.53153
1496,0.07268971,91.54209
1497,0.072695695,91.53692
1498,0.07268136,91.54292
1499,0.0726604,91.53778
1500,0.07263579,91.54596
1501,0.072613336,91.55188
1502,0.07253747,91.56656
1503,0.072513394,91.56579
1504,0.07249334,91.565025
1505,0.07238938,91.57734
1506,0.07237325,91.57871
1507,0.07234476,91.580086
1508,0.07233888,91.58144
1509,0.07237944,91.57204
1510,0.07235193,91.577705
1511,0.07232585,91.57906
1512,0.072278805,91.58466
1513,0.07232982,91.58174
1514,0.07242621,91.56614
1515,0.07241818,91.56329
1516,0.07239443,91.56888
1517,0.07245029,91.561844
1518,0.072399504,91.5674
1519,0.07232437,91.575005
1520,0.07227208,91.58256
1521,0.072279744,91.58178
1522,0.07224181,91.585144
1523,0.072202906,91.59054
1524,0.07221568,91.58154
1525,0.072160095,91.591
1526,0.07214645,91.58817
1527,0.072105296,91.597565
1528,0.07214548,91.58257
1529,0.07216019,91.58182
1530,0.07205573,91.5992
1531,0.07199677,91.60643
1532,0.071998015,91.607605
1533,0.072006084,91.60678
1534,0.07198655,91.61194
1535,0.07193187,91.62698
1536,0.07191639,91.63007
1537,0.0718375,91.64103
1538,0.071772695,91.653885
1539,0.07179314,91.64902
1540,0.07169775,91.66765
1541,0.07165645,91.66862
1542,0.07163668,91.669586
1543,0.071636625,91.664734
1544,0.07163952,91.66763
1545,0.07161926,91.67052
1546,0.071624525,91.667625
1547,0.07162686,91.66858
1548,0.07163853,91.65998
1549,0.071592584,91.67238
1550,0.07158994,91.67332
1551,0.07157623,91.67613
1552,0.0716017,91.6695
1553,0.07158208,91.67232
1554,0.071616426,91.665726
1555,0.07159887,91.67416
1556,0.07165151,91.663864
1557,0.07167385,91.66108
1558,0.071688205,91.656456
1559,0.07168011,91.65741
1560,0.07164337,91.66205
1561,0.07167653,91.66114
1562,0.07166806,91.66207
1563,0.07167144,91.66117
1564,0.07162138,91.66758
1565,0.07155419,91.67577
1566,0.071523346,91.682106
1567,0.07150511,91.679344
1568,0.07143747,91.68744
1569,0.07143476,91.682884
1570,0.071389034,91.690926
1571,0.07142263,91.68817
1572,0.07147197,91.68543
1573,0.07149804,91.679146
1574,0.07148301,91.676445
1575,0.07145956,91.684395
1576,0.07147914,91.683464
1577,0.0714529,91.68783
1578,0.0714571,91.690414
1579,0.07149324,91.68421
1580,0.071470805,91.685036
1581,0.0714991,91.67713
1582,0.071489,91.681465
1583,0.071475394,91.68577
1584,0.0714848,91.686584
1585,0.07143919,91.6943
1586,0.07140251,91.70198
1587,0.071401976,91.69931
1588,0.071373634,91.70008
1589,0.071364716,91.70427
1590,0.071371436,91.70673
1591,0.07142529,91.69728
1592,0.071386166,91.70314
1593,0.07139284,91.698814
1594,0.0713878,91.69789
1595,0.07142361,91.6936
1596,0.07136763,91.69773
1597,0.071368136,91.696815
1598,0.07134138,91.69758
1599,0.07137468,91.68833
